DATAFLOW;LAST UPDATE;freq;density;unit;age;fruitvar;geo;TIME_PERIOD;OBS_VALUE;OBS_FLAG
ESTAT:ORCH_TOTAL(1.0);20.03.2019 23:00;A;TOTAL;HA;TOTAL;APC;AT;2002;469.78;
ESTAT:ORCH_TOTAL(1.0);20.03.2019 23:00;A;TOTAL;HA;TOTAL;APC;AT;2007;593.95;
ESTAT:ORCH_TOTAL(1.0);20.03.2019 23:00;A;TOTAL;HA;TOTAL;APC;AT;2012;850.72;
ESTAT:ORCH_TOTAL(1.0);20.03.2019 23:00;A;TOTAL;HA;TOTAL;APC;AT;2017;1004.61;
ESTAT:ORCH_TOTAL(1.0);20.03.2019 23:00;A;TOTAL;HA;TOTAL;APC;BG;2007;2610.4;
ESTAT:ORCH_TOTAL(1.0);20.03.2019 23:00;A;TOTAL;HA;TOTAL;APC;BG;2012;2942.87;
ESTAT:ORCH_TOTAL(1.0);20.03.2019 23:00;A;TOTAL;HA;TOTAL;APC;BG;2017;3388.23;
ESTAT:ORCH_TOTAL(1.0);20.03.2019 23:00;A;TOTAL;HA;TOTAL;APC;CY;2007;269;
ESTAT:ORCH_TOTAL(1.0);20.03.2019 23:00;A;TOTAL;HA;TOTAL;APC;CY;2012;179.97;
ESTAT:ORCH_TOTAL(1.0);20.03.2019 23:00;A;TOTAL;HA;TOTAL;APC;CY;2017;185.98;
ESTAT:ORCH_TOTAL(1.0);20.03.2019 23:00;A;TOTAL;HA;TOTAL;APC;CZ;2007;1788.41;
ESTAT:ORCH_TOTAL(1.0);20.03.2019 23:00;A;TOTAL;HA;TOTAL;APC;CZ;2012;1636.88;
ESTAT:ORCH_TOTAL(1.0);20.03.2019 23:00;A;TOTAL;HA;TOTAL;APC;CZ;2017;1152.21;
ESTAT:ORCH_TOTAL(1.0);20.03.2019 23:00;A;TOTAL;HA;TOTAL;APC;DE;2012;0;
ESTAT:ORCH_TOTAL(1.0);20.03.2019 23:00;A;TOTAL;HA;TOTAL;APC;DK;2012;0;
ESTAT:ORCH_TOTAL(1.0);20.03.2019 23:00;A;TOTAL;HA;TOTAL;APC;EE;2012;0;
ESTAT:ORCH_TOTAL(1.0);20.03.2019 23:00;A;TOTAL;HA;TOTAL;APC;EL;2002;4994.2;
ESTAT:ORCH_TOTAL(1.0);20.03.2019 23:00;A;TOTAL;HA;TOTAL;APC;EL;2007;3928.53;
ESTAT:ORCH_TOTAL(1.0);20.03.2019 23:00;A;TOTAL;HA;TOTAL;APC;EL;2012;4670.81;
ESTAT:ORCH_TOTAL(1.0);20.03.2019 23:00;A;TOTAL;HA;TOTAL;APC;EL;2017;4902.68;
ESTAT:ORCH_TOTAL(1.0);20.03.2019 23:00;A;TOTAL;HA;TOTAL;APC;ES;2002;22615.4;
ESTAT:ORCH_TOTAL(1.0);20.03.2019 23:00;A;TOTAL;HA;TOTAL;APC;ES;2007;18699.9;
ESTAT:ORCH_TOTAL(1.0);20.03.2019 23:00;A;TOTAL;HA;TOTAL;APC;ES;2012;20349.59;
ESTAT:ORCH_TOTAL(1.0);20.03.2019 23:00;A;TOTAL;HA;TOTAL;APC;ES;2017;24064.83;
ESTAT:ORCH_TOTAL(1.0);20.03.2019 23:00;A;TOTAL;HA;TOTAL;APC;EU27_2020;2017;75697.21;
ESTAT:ORCH_TOTAL(1.0);20.03.2019 23:00;A;TOTAL;HA;TOTAL;APC;EU28;2012;67592.98;
ESTAT:ORCH_TOTAL(1.0);20.03.2019 23:00;A;TOTAL;HA;TOTAL;APC;EU28;2017;75697.21;
ESTAT:ORCH_TOTAL(1.0);20.03.2019 23:00;A;TOTAL;HA;TOTAL;APC;FI;2012;0;
ESTAT:ORCH_TOTAL(1.0);20.03.2019 23:00;A;TOTAL;HA;TOTAL;APC;FR;2002;14924.2;
ESTAT:ORCH_TOTAL(1.0);20.03.2019 23:00;A;TOTAL;HA;TOTAL;APC;FR;2007;13804.3;
ESTAT:ORCH_TOTAL(1.0);20.03.2019 23:00;A;TOTAL;HA;TOTAL;APC;FR;2012;12488.62;
ESTAT:ORCH_TOTAL(1.0);20.03.2019 23:00;A;TOTAL;HA;TOTAL;APC;FR;2017;13615.65;
ESTAT:ORCH_TOTAL(1.0);20.03.2019 23:00;A;TOTAL;HA;TOTAL;APC;HR;2012;212;e
ESTAT:ORCH_TOTAL(1.0);20.03.2019 23:00;A;TOTAL;HA;TOTAL;APC;HU;2007;4999.37;
ESTAT:ORCH_TOTAL(1.0);20.03.2019 23:00;A;TOTAL;HA;TOTAL;APC;HU;2012;3836.05;
ESTAT:ORCH_TOTAL(1.0);20.03.2019 23:00;A;TOTAL;HA;TOTAL;APC;HU;2017;5404.22;
ESTAT:ORCH_TOTAL(1.0);20.03.2019 23:00;A;TOTAL;HA;TOTAL;APC;IE;2012;0;
ESTAT:ORCH_TOTAL(1.0);20.03.2019 23:00;A;TOTAL;HA;TOTAL;APC;IT;2002;15574.5;
ESTAT:ORCH_TOTAL(1.0);20.03.2019 23:00;A;TOTAL;HA;TOTAL;APC;IT;2007;15648.9;
ESTAT:ORCH_TOTAL(1.0);20.03.2019 23:00;A;TOTAL;HA;TOTAL;APC;IT;2012;16590.80;
ESTAT:ORCH_TOTAL(1.0);20.03.2019 23:00;A;TOTAL;HA;TOTAL;APC;IT;2017;18893.85;
ESTAT:ORCH_TOTAL(1.0);20.03.2019 23:00;A;TOTAL;HA;TOTAL;APC;LT;2012;0;
ESTAT:ORCH_TOTAL(1.0);20.03.2019 23:00;A;TOTAL;HA;TOTAL;APC;LU;2012;0;
ESTAT:ORCH_TOTAL(1.0);20.03.2019 23:00;A;TOTAL;HA;TOTAL;APC;LV;2012;0;
ESTAT:ORCH_TOTAL(1.0);20.03.2019 23:00;A;TOTAL;HA;TOTAL;APC;MT;2012;;z
ESTAT:ORCH_TOTAL(1.0);20.03.2019 23:00;A;TOTAL;HA;TOTAL;APC;NL;2012;0;
ESTAT:ORCH_TOTAL(1.0);20.03.2019 23:00;A;TOTAL;HA;TOTAL;APC;PL;2007;1059.65;
ESTAT:ORCH_TOTAL(1.0);20.03.2019 23:00;A;TOTAL;HA;TOTAL;APC;PL;2012;680.44;
ESTAT:ORCH_TOTAL(1.0);20.03.2019 23:00;A;TOTAL;HA;TOTAL;APC;PL;2017;723.12;
ESTAT:ORCH_TOTAL(1.0);20.03.2019 23:00;A;TOTAL;HA;TOTAL;APC;PT;2002;490.91;
ESTAT:ORCH_TOTAL(1.0);20.03.2019 23:00;A;TOTAL;HA;TOTAL;APC;PT;2007;282.86;
ESTAT:ORCH_TOTAL(1.0);20.03.2019 23:00;A;TOTAL;HA;TOTAL;APC;PT;2012;402;e
ESTAT:ORCH_TOTAL(1.0);20.03.2019 23:00;A;TOTAL;HA;TOTAL;APC;RO;2007;3434.19;
ESTAT:ORCH_TOTAL(1.0);20.03.2019 23:00;A;TOTAL;HA;TOTAL;APC;RO;2012;2712.94;
ESTAT:ORCH_TOTAL(1.0);20.03.2019 23:00;A;TOTAL;HA;TOTAL;APC;RO;2017;2361.81;
ESTAT:ORCH_TOTAL(1.0);20.03.2019 23:00;A;TOTAL;HA;TOTAL;APC;RS;2017;5787.00;
ESTAT:ORCH_TOTAL(1.0);20.03.2019 23:00;A;TOTAL;HA;TOTAL;APC;SE;2012;0;
ESTAT:ORCH_TOTAL(1.0);20.03.2019 23:00;A;TOTAL;HA;TOTAL;APC;SI;2007;22.86;
ESTAT:ORCH_TOTAL(1.0);20.03.2019 23:00;A;TOTAL;HA;TOTAL;APC;SI;2012;39.3;
ESTAT:ORCH_TOTAL(1.0);20.03.2019 23:00;A;TOTAL;HA;TOTAL;APC;SK;2007;227.34;
ESTAT:ORCH_TOTAL(1.0);20.03.2019 23:00;A;TOTAL;HA;TOTAL;APC;SK;2012;;c
ESTAT:ORCH_TOTAL(1.0);20.03.2019 23:00;A;TOTAL;HA;TOTAL;APC;UK;2012;0;
ESTAT:ORCH_TOTAL(1.0);20.03.2019 23:00;A;TOTAL;HA;TOTAL;APD;AT;2002;6952.41;
ESTAT:ORCH_TOTAL(1.0);20.03.2019 23:00;A;TOTAL;HA;TOTAL;APD;AT;2007;7229.32;
ESTAT:ORCH_TOTAL(1.0);20.03.2019 23:00;A;TOTAL;HA;TOTAL;APD;AT;2012;7907.95;
ESTAT:ORCH_TOTAL(1.0);20.03.2019 23:00;A;TOTAL;HA;TOTAL;APD;AT;2017;7674.63;
ESTAT:ORCH_TOTAL(1.0);20.03.2019 23:00;A;TOTAL;HA;TOTAL;APD;BE;2002;8248.89;
ESTAT:ORCH_TOTAL(1.0);20.03.2019 23:00;A;TOTAL;HA;TOTAL;APD;BE;2007;6833.05;
ESTAT:ORCH_TOTAL(1.0);20.03.2019 23:00;A;TOTAL;HA;TOTAL;APD;BE;2012;6398.20;
ESTAT:ORCH_TOTAL(1.0);20.03.2019 23:00;A;TOTAL;HA;TOTAL;APD;BE;2017;5788.59;
ESTAT:ORCH_TOTAL(1.0);20.03.2019 23:00;A;TOTAL;HA;TOTAL;APD;BG;2007;4121.39;
ESTAT:ORCH_TOTAL(1.0);20.03.2019 23:00;A;TOTAL;HA;TOTAL;APD;BG;2012;5239.10;
ESTAT:ORCH_TOTAL(1.0);20.03.2019 23:00;A;TOTAL;HA;TOTAL;APD;BG;2017;4957.99;
ESTAT:ORCH_TOTAL(1.0);20.03.2019 23:00;A;TOTAL;HA;TOTAL;APD;CY;2007;925;
ESTAT:ORCH_TOTAL(1.0);20.03.2019 23:00;A;TOTAL;HA;TOTAL;APD;CY;2012;527.56;
ESTAT:ORCH_TOTAL(1.0);20.03.2019 23:00;A;TOTAL;HA;TOTAL;APD;CY;2017;376.76;
ESTAT:ORCH_TOTAL(1.0);20.03.2019 23:00;A;TOTAL;HA;TOTAL;APD;CZ;2007;9895.36;
ESTAT:ORCH_TOTAL(1.0);20.03.2019 23:00;A;TOTAL;HA;TOTAL;APD;CZ;2012;10487.01;
ESTAT:ORCH_TOTAL(1.0);20.03.2019 23:00;A;TOTAL;HA;TOTAL;APD;CZ;2017;7818.60;
ESTAT:ORCH_TOTAL(1.0);20.03.2019 23:00;A;TOTAL;HA;TOTAL;APD;DE;2002;28050.1;
ESTAT:ORCH_TOTAL(1.0);20.03.2019 23:00;A;TOTAL;HA;TOTAL;APD;DE;2007;27887.8;
ESTAT:ORCH_TOTAL(1.0);20.03.2019 23:00;A;TOTAL;HA;TOTAL;APD;DE;2012;27708.54;
ESTAT:ORCH_TOTAL(1.0);20.03.2019 23:00;A;TOTAL;HA;TOTAL;APD;DE;2017;28260.96;
ESTAT:ORCH_TOTAL(1.0);20.03.2019 23:00;A;TOTAL;HA;TOTAL;APD;DK;2002;1397.58;
ESTAT:ORCH_TOTAL(1.0);20.03.2019 23:00;A;TOTAL;HA;TOTAL;APD;DK;2007;1506.5;
ESTAT:ORCH_TOTAL(1.0);20.03.2019 23:00;A;TOTAL;HA;TOTAL;APD;DK;2012;1347.53;
ESTAT:ORCH_TOTAL(1.0);20.03.2019 23:00;A;TOTAL;HA;TOTAL;APD;DK;2017;1254.98;
ESTAT:ORCH_TOTAL(1.0);20.03.2019 23:00;A;TOTAL;HA;TOTAL;APD;EE;2007;690.2;
ESTAT:ORCH_TOTAL(1.0);20.03.2019 23:00;A;TOTAL;HA;TOTAL;APD;EE;2012;600;e
ESTAT:ORCH_TOTAL(1.0);20.03.2019 23:00;A;TOTAL;HA;TOTAL;APD;EL;2002;10379;
ESTAT:ORCH_TOTAL(1.0);20.03.2019 23:00;A;TOTAL;HA;TOTAL;APD;EL;2007;9336.84;
ESTAT:ORCH_TOTAL(1.0);20.03.2019 23:00;A;TOTAL;HA;TOTAL;APD;EL;2012;8703.93;
ESTAT:ORCH_TOTAL(1.0);20.03.2019 23:00;A;TOTAL;HA;TOTAL;APD;EL;2017;9377.35;
ESTAT:ORCH_TOTAL(1.0);20.03.2019 23:00;A;TOTAL;HA;TOTAL;APD;ES;2002;36292.6;
ESTAT:ORCH_TOTAL(1.0);20.03.2019 23:00;A;TOTAL;HA;TOTAL;APD;ES;2007;24821.9;
ESTAT:ORCH_TOTAL(1.0);20.03.2019 23:00;A;TOTAL;HA;TOTAL;APD;ES;2012;22646.43;
ESTAT:ORCH_TOTAL(1.0);20.03.2019 23:00;A;TOTAL;HA;TOTAL;APD;ES;2017;23222.34;
ESTAT:ORCH_TOTAL(1.0);20.03.2019 23:00;A;TOTAL;HA;TOTAL;APD;EU27_2020;2017;457528.41;
ESTAT:ORCH_TOTAL(1.0);20.03.2019 23:00;A;TOTAL;HA;TOTAL;APD;EU28;2012;440997.78;
ESTAT:ORCH_TOTAL(1.0);20.03.2019 23:00;A;TOTAL;HA;TOTAL;APD;EU28;2017;463271.49;
ESTAT:ORCH_TOTAL(1.0);20.03.2019 23:00;A;TOTAL;HA;TOTAL;APD;FI;2002;515.62;
ESTAT:ORCH_TOTAL(1.0);20.03.2019 23:00;A;TOTAL;HA;TOTAL;APD;FI;2007;436.68;
ESTAT:ORCH_TOTAL(1.0);20.03.2019 23:00;A;TOTAL;HA;TOTAL;APD;FI;2012;666.51;
ESTAT:ORCH_TOTAL(1.0);20.03.2019 23:00;A;TOTAL;HA;TOTAL;APD;FR;2002;47593.3;
ESTAT:ORCH_TOTAL(1.0);20.03.2019 23:00;A;TOTAL;HA;TOTAL;APD;FR;2007;40113.1;
ESTAT:ORCH_TOTAL(1.0);20.03.2019 23:00;A;TOTAL;HA;TOTAL;APD;FR;2012;36741.17;
ESTAT:ORCH_TOTAL(1.0);20.03.2019 23:00;A;TOTAL;HA;TOTAL;APD;FR;2017;38298.30;
ESTAT:ORCH_TOTAL(1.0);20.03.2019 23:00;A;TOTAL;HA;TOTAL;APD;HR;2012;4798.64;
ESTAT:ORCH_TOTAL(1.0);20.03.2019 23:00;A;TOTAL;HA;TOTAL;APD;HR;2017;4459.08;
ESTAT:ORCH_TOTAL(1.0);20.03.2019 23:00;A;TOTAL;HA;TOTAL;APD;HU;2007;33793.1;
ESTAT:ORCH_TOTAL(1.0);20.03.2019 23:00;A;TOTAL;HA;TOTAL;APD;HU;2012;25265.30;
ESTAT:ORCH_TOTAL(1.0);20.03.2019 23:00;A;TOTAL;HA;TOTAL;APD;HU;2017;25044.02;
ESTAT:ORCH_TOTAL(1.0);20.03.2019 23:00;A;TOTAL;HA;TOTAL;APD;IE;2002;150.66;
ESTAT:ORCH_TOTAL(1.0);20.03.2019 23:00;A;TOTAL;HA;TOTAL;APD;IE;2007;149.41;
ESTAT:ORCH_TOTAL(1.0);20.03.2019 23:00;A;TOTAL;HA;TOTAL;APD;IE;2012;121.59;
ESTAT:ORCH_TOTAL(1.0);20.03.2019 23:00;A;TOTAL;HA;TOTAL;APD;IT;2002;54285.1;
ESTAT:ORCH_TOTAL(1.0);20.03.2019 23:00;A;TOTAL;HA;TOTAL;APD;IT;2007;55224.8;
ESTAT:ORCH_TOTAL(1.0);20.03.2019 23:00;A;TOTAL;HA;TOTAL;APD;IT;2012;52251.41;
ESTAT:ORCH_TOTAL(1.0);20.03.2019 23:00;A;TOTAL;HA;TOTAL;APD;IT;2017;55809.89;
ESTAT:ORCH_TOTAL(1.0);20.03.2019 23:00;A;TOTAL;HA;TOTAL;APD;LT;2007;2427.8;
ESTAT:ORCH_TOTAL(1.0);20.03.2019 23:00;A;TOTAL;HA;TOTAL;APD;LT;2012;1401.10;
ESTAT:ORCH_TOTAL(1.0);20.03.2019 23:00;A;TOTAL;HA;TOTAL;APD;LT;2017;1511.60;
ESTAT:ORCH_TOTAL(1.0);20.03.2019 23:00;A;TOTAL;HA;TOTAL;APD;LU;2002;914.2;
ESTAT:ORCH_TOTAL(1.0);20.03.2019 23:00;A;TOTAL;HA;TOTAL;APD;LU;2007;29.97;
ESTAT:ORCH_TOTAL(1.0);20.03.2019 23:00;A;TOTAL;HA;TOTAL;APD;LU;2012;39;
ESTAT:ORCH_TOTAL(1.0);20.03.2019 23:00;A;TOTAL;HA;TOTAL;APD;LV;2007;1299.5;
ESTAT:ORCH_TOTAL(1.0);20.03.2019 23:00;A;TOTAL;HA;TOTAL;APD;LV;2012;2390.50;
ESTAT:ORCH_TOTAL(1.0);20.03.2019 23:00;A;TOTAL;HA;TOTAL;APD;LV;2017;3191.10;
ESTAT:ORCH_TOTAL(1.0);20.03.2019 23:00;A;TOTAL;HA;TOTAL;APD;MT;2012;;z
ESTAT:ORCH_TOTAL(1.0);20.03.2019 23:00;A;TOTAL;HA;TOTAL;APD;NL;2002;11176.4;
ESTAT:ORCH_TOTAL(1.0);20.03.2019 23:00;A;TOTAL;HA;TOTAL;APD;NL;2007;9379.99;
ESTAT:ORCH_TOTAL(1.0);20.03.2019 23:00;A;TOTAL;HA;TOTAL;APD;NL;2012;7948.05;
ESTAT:ORCH_TOTAL(1.0);20.03.2019 23:00;A;TOTAL;HA;TOTAL;APD;NL;2017;6949.59;
ESTAT:ORCH_TOTAL(1.0);20.03.2019 23:00;A;TOTAL;HA;TOTAL;APD;PL;2007;165715;
ESTAT:ORCH_TOTAL(1.0);20.03.2019 23:00;A;TOTAL;HA;TOTAL;APD;PL;2012;143113.34;
ESTAT:ORCH_TOTAL(1.0);20.03.2019 23:00;A;TOTAL;HA;TOTAL;APD;PL;2017;160843.80;
ESTAT:ORCH_TOTAL(1.0);20.03.2019 23:00;A;TOTAL;HA;TOTAL;APD;PT;2002;13631.3;
ESTAT:ORCH_TOTAL(1.0);20.03.2019 23:00;A;TOTAL;HA;TOTAL;APD;PT;2007;11711;
ESTAT:ORCH_TOTAL(1.0);20.03.2019 23:00;A;TOTAL;HA;TOTAL;APD;PT;2012;10095.18;
ESTAT:ORCH_TOTAL(1.0);20.03.2019 23:00;A;TOTAL;HA;TOTAL;APD;PT;2017;11306.18;
ESTAT:ORCH_TOTAL(1.0);20.03.2019 23:00;A;TOTAL;HA;TOTAL;APD;RO;2007;60494.3;
ESTAT:ORCH_TOTAL(1.0);20.03.2019 23:00;A;TOTAL;HA;TOTAL;APD;RO;2012;51225.74;
ESTAT:ORCH_TOTAL(1.0);20.03.2019 23:00;A;TOTAL;HA;TOTAL;APD;RO;2017;55050.45;
ESTAT:ORCH_TOTAL(1.0);20.03.2019 23:00;A;TOTAL;HA;TOTAL;APD;RS;2017;25281.00;
ESTAT:ORCH_TOTAL(1.0);20.03.2019 23:00;A;TOTAL;HA;TOTAL;APD;SE;2002;1342.42;
ESTAT:ORCH_TOTAL(1.0);20.03.2019 23:00;A;TOTAL;HA;TOTAL;APD;SE;2007;1101.83;
ESTAT:ORCH_TOTAL(1.0);20.03.2019 23:00;A;TOTAL;HA;TOTAL;APD;SE;2012;1494.10;
ESTAT:ORCH_TOTAL(1.0);20.03.2019 23:00;A;TOTAL;HA;TOTAL;APD;SE;2017;1655.28;
ESTAT:ORCH_TOTAL(1.0);20.03.2019 23:00;A;TOTAL;HA;TOTAL;APD;SI;2007;2438.48;
ESTAT:ORCH_TOTAL(1.0);20.03.2019 23:00;A;TOTAL;HA;TOTAL;APD;SI;2012;2701.93;
ESTAT:ORCH_TOTAL(1.0);20.03.2019 23:00;A;TOTAL;HA;TOTAL;APD;SI;2017;2355.44;
ESTAT:ORCH_TOTAL(1.0);20.03.2019 23:00;A;TOTAL;HA;TOTAL;APD;SK;2007;2655.86;
ESTAT:ORCH_TOTAL(1.0);20.03.2019 23:00;A;TOTAL;HA;TOTAL;APD;SK;2012;3781.58;
ESTAT:ORCH_TOTAL(1.0);20.03.2019 23:00;A;TOTAL;HA;TOTAL;APD;SK;2017;2321.44;
ESTAT:ORCH_TOTAL(1.0);20.03.2019 23:00;A;TOTAL;HA;TOTAL;APD;UK;2002;5627.97;
ESTAT:ORCH_TOTAL(1.0);20.03.2019 23:00;A;TOTAL;HA;TOTAL;APD;UK;2007;4810.08;
ESTAT:ORCH_TOTAL(1.0);20.03.2019 23:00;A;TOTAL;HA;TOTAL;APD;UK;2012;5396.40;
ESTAT:ORCH_TOTAL(1.0);20.03.2019 23:00;A;TOTAL;HA;TOTAL;APD;UK;2017;5743.08;
ESTAT:ORCH_TOTAL(1.0);20.03.2019 23:00;A;TOTAL;HA;TOTAL;API;BG;2012;0.00;
ESTAT:ORCH_TOTAL(1.0);20.03.2019 23:00;A;TOTAL;HA;TOTAL;API;BG;2017;190.09;
ESTAT:ORCH_TOTAL(1.0);20.03.2019 23:00;A;TOTAL;HA;TOTAL;API;CZ;2012;0;
ESTAT:ORCH_TOTAL(1.0);20.03.2019 23:00;A;TOTAL;HA;TOTAL;API;DE;2012;4029.51;
ESTAT:ORCH_TOTAL(1.0);20.03.2019 23:00;A;TOTAL;HA;TOTAL;API;DE;2017;5719.69;
ESTAT:ORCH_TOTAL(1.0);20.03.2019 23:00;A;TOTAL;HA;TOTAL;API;DK;2012;0;
ESTAT:ORCH_TOTAL(1.0);20.03.2019 23:00;A;TOTAL;HA;TOTAL;API;DK;2017;59.00;
ESTAT:ORCH_TOTAL(1.0);20.03.2019 23:00;A;TOTAL;HA;TOTAL;API;EE;2012;0;
ESTAT:ORCH_TOTAL(1.0);20.03.2019 23:00;A;TOTAL;HA;TOTAL;API;ES;2012;4107.46;
ESTAT:ORCH_TOTAL(1.0);20.03.2019 23:00;A;TOTAL;HA;TOTAL;API;ES;2017;4309.61;
ESTAT:ORCH_TOTAL(1.0);20.03.2019 23:00;A;TOTAL;HA;TOTAL;API;EU27_2020;2017;10278.39;
ESTAT:ORCH_TOTAL(1.0);20.03.2019 23:00;A;TOTAL;HA;TOTAL;API;EU28;2012;8630.91;
ESTAT:ORCH_TOTAL(1.0);20.03.2019 23:00;A;TOTAL;HA;TOTAL;API;EU28;2017;10278.39;
ESTAT:ORCH_TOTAL(1.0);20.03.2019 23:00;A;TOTAL;HA;TOTAL;API;FI;2012;0;
ESTAT:ORCH_TOTAL(1.0);20.03.2019 23:00;A;TOTAL;HA;TOTAL;API;FR;2012;0;
ESTAT:ORCH_TOTAL(1.0);20.03.2019 23:00;A;TOTAL;HA;TOTAL;API;HR;2012;0;
ESTAT:ORCH_TOTAL(1.0);20.03.2019 23:00;A;TOTAL;HA;TOTAL;API;IE;2012;493.94;
ESTAT:ORCH_TOTAL(1.0);20.03.2019 23:00;A;TOTAL;HA;TOTAL;API;LU;2012;0;
ESTAT:ORCH_TOTAL(1.0);20.03.2019 23:00;A;TOTAL;HA;TOTAL;API;LV;2012;0;
ESTAT:ORCH_TOTAL(1.0);20.03.2019 23:00;A;TOTAL;HA;TOTAL;API;MT;2012;0;
ESTAT:ORCH_TOTAL(1.0);20.03.2019 23:00;A;TOTAL;HA;TOTAL;API;NL;2012;0;
ESTAT:ORCH_TOTAL(1.0);20.03.2019 23:00;A;TOTAL;HA;TOTAL;API;RO;2012;0;
ESTAT:ORCH_TOTAL(1.0);20.03.2019 23:00;A;TOTAL;HA;TOTAL;API;SE;2012;0;
ESTAT:ORCH_TOTAL(1.0);20.03.2019 23:00;A;TOTAL;HA;TOTAL;API;SE;2017;0.00;
ESTAT:ORCH_TOTAL(1.0);20.03.2019 23:00;A;TOTAL;HA;TOTAL;API;SK;2012;0;
ESTAT:ORCH_TOTAL(1.0);20.03.2019 23:00;A;TOTAL;HA;TOTAL;GRV;BG;2012;0.00;
ESTAT:ORCH_TOTAL(1.0);20.03.2019 23:00;A;TOTAL;HA;TOTAL;GRV;BG;2017;2738.02;
ESTAT:ORCH_TOTAL(1.0);20.03.2019 23:00;A;TOTAL;HA;TOTAL;GRV;CZ;2012;0;
ESTAT:ORCH_TOTAL(1.0);20.03.2019 23:00;A;TOTAL;HA;TOTAL;GRV;DE;2012;0;
ESTAT:ORCH_TOTAL(1.0);20.03.2019 23:00;A;TOTAL;HA;TOTAL;GRV;DK;2012;0;
ESTAT:ORCH_TOTAL(1.0);20.03.2019 23:00;A;TOTAL;HA;TOTAL;GRV;EE;2012;0;
ESTAT:ORCH_TOTAL(1.0);20.03.2019 23:00;A;TOTAL;HA;TOTAL;GRV;ES;2012;11391.23;
ESTAT:ORCH_TOTAL(1.0);20.03.2019 23:00;A;TOTAL;HA;TOTAL;GRV;ES;2017;12547.64;
ESTAT:ORCH_TOTAL(1.0);20.03.2019 23:00;A;TOTAL;HA;TOTAL;GRV;EU27_2020;2017;60351.40;
ESTAT:ORCH_TOTAL(1.0);20.03.2019 23:00;A;TOTAL;HA;TOTAL;GRV;EU28;2012;57142.73;
ESTAT:ORCH_TOTAL(1.0);20.03.2019 23:00;A;TOTAL;HA;TOTAL;GRV;EU28;2017;60351.40;
ESTAT:ORCH_TOTAL(1.0);20.03.2019 23:00;A;TOTAL;HA;TOTAL;GRV;FI;2012;0;
ESTAT:ORCH_TOTAL(1.0);20.03.2019 23:00;A;TOTAL;HA;TOTAL;GRV;FR;2012;4869.17;
ESTAT:ORCH_TOTAL(1.0);20.03.2019 23:00;A;TOTAL;HA;TOTAL;GRV;IE;2012;0;
ESTAT:ORCH_TOTAL(1.0);20.03.2019 23:00;A;TOTAL;HA;TOTAL;GRV;IT;2012;35663.25;
ESTAT:ORCH_TOTAL(1.0);20.03.2019 23:00;A;TOTAL;HA;TOTAL;GRV;IT;2017;39714.54;
ESTAT:ORCH_TOTAL(1.0);20.03.2019 23:00;A;TOTAL;HA;TOTAL;GRV;LT;2012;0;
ESTAT:ORCH_TOTAL(1.0);20.03.2019 23:00;A;TOTAL;HA;TOTAL;GRV;LU;2012;0;
ESTAT:ORCH_TOTAL(1.0);20.03.2019 23:00;A;TOTAL;HA;TOTAL;GRV;LV;2012;0;
ESTAT:ORCH_TOTAL(1.0);20.03.2019 23:00;A;TOTAL;HA;TOTAL;GRV;RO;2012;5219.08;
ESTAT:ORCH_TOTAL(1.0);20.03.2019 23:00;A;TOTAL;HA;TOTAL;GRV;RO;2017;5351.19;
ESTAT:ORCH_TOTAL(1.0);20.03.2019 23:00;A;TOTAL;HA;TOTAL;GRV;SE;2012;0;
ESTAT:ORCH_TOTAL(1.0);20.03.2019 23:00;A;TOTAL;HA;TOTAL;GRV;UK;2012;0;
ESTAT:ORCH_TOTAL(1.0);20.03.2019 23:00;A;TOTAL;HA;TOTAL;LEM;AT;2007;0;
ESTAT:ORCH_TOTAL(1.0);20.03.2019 23:00;A;TOTAL;HA;TOTAL;LEM;AT;2012;0;
ESTAT:ORCH_TOTAL(1.0);20.03.2019 23:00;A;TOTAL;HA;TOTAL;LEM;BE;2007;0;
ESTAT:ORCH_TOTAL(1.0);20.03.2019 23:00;A;TOTAL;HA;TOTAL;LEM;BE;2012;0;
ESTAT:ORCH_TOTAL(1.0);20.03.2019 23:00;A;TOTAL;HA;TOTAL;LEM;BG;2007;0;
ESTAT:ORCH_TOTAL(1.0);20.03.2019 23:00;A;TOTAL;HA;TOTAL;LEM;BG;2012;0.00;
ESTAT:ORCH_TOTAL(1.0);20.03.2019 23:00;A;TOTAL;HA;TOTAL;LEM;CY;2007;665;
ESTAT:ORCH_TOTAL(1.0);20.03.2019 23:00;A;TOTAL;HA;TOTAL;LEM;CY;2012;368.56;
ESTAT:ORCH_TOTAL(1.0);20.03.2019 23:00;A;TOTAL;HA;TOTAL;LEM;CY;2017;312.09;
ESTAT:ORCH_TOTAL(1.0);20.03.2019 23:00;A;TOTAL;HA;TOTAL;LEM;CZ;2007;0;
ESTAT:ORCH_TOTAL(1.0);20.03.2019 23:00;A;TOTAL;HA;TOTAL;LEM;CZ;2012;0;
ESTAT:ORCH_TOTAL(1.0);20.03.2019 23:00;A;TOTAL;HA;TOTAL;LEM;DE;2002;0;
ESTAT:ORCH_TOTAL(1.0);20.03.2019 23:00;A;TOTAL;HA;TOTAL;LEM;DE;2007;0;
ESTAT:ORCH_TOTAL(1.0);20.03.2019 23:00;A;TOTAL;HA;TOTAL;LEM;DE;2012;0;
ESTAT:ORCH_TOTAL(1.0);20.03.2019 23:00;A;TOTAL;HA;TOTAL;LEM;DK;2007;0;
ESTAT:ORCH_TOTAL(1.0);20.03.2019 23:00;A;TOTAL;HA;TOTAL;LEM;DK;2012;0;
ESTAT:ORCH_TOTAL(1.0);20.03.2019 23:00;A;TOTAL;HA;TOTAL;LEM;EE;2007;0;
ESTAT:ORCH_TOTAL(1.0);20.03.2019 23:00;A;TOTAL;HA;TOTAL;LEM;EE;2012;0;
ESTAT:ORCH_TOTAL(1.0);20.03.2019 23:00;A;TOTAL;HA;TOTAL;LEM;EL;2002;6168.92;
ESTAT:ORCH_TOTAL(1.0);20.03.2019 23:00;A;TOTAL;HA;TOTAL;LEM;EL;2007;5180.49;
ESTAT:ORCH_TOTAL(1.0);20.03.2019 23:00;A;TOTAL;HA;TOTAL;LEM;EL;2012;3681.87;
ESTAT:ORCH_TOTAL(1.0);20.03.2019 23:00;A;TOTAL;HA;TOTAL;LEM;EL;2017;3984.61;
ESTAT:ORCH_TOTAL(1.0);20.03.2019 23:00;A;TOTAL;HA;TOTAL;LEM;ES;2002;43851.3;
ESTAT:ORCH_TOTAL(1.0);20.03.2019 23:00;A;TOTAL;HA;TOTAL;LEM;ES;2007;39859;
ESTAT:ORCH_TOTAL(1.0);20.03.2019 23:00;A;TOTAL;HA;TOTAL;LEM;ES;2012;33303.03;
ESTAT:ORCH_TOTAL(1.0);20.03.2019 23:00;A;TOTAL;HA;TOTAL;LEM;ES;2017;39107.85;
ESTAT:ORCH_TOTAL(1.0);20.03.2019 23:00;A;TOTAL;HA;TOTAL;LEM;EU27_2020;2017;60098.50;
ESTAT:ORCH_TOTAL(1.0);20.03.2019 23:00;A;TOTAL;HA;TOTAL;LEM;EU28;2012;54865.55;
ESTAT:ORCH_TOTAL(1.0);20.03.2019 23:00;A;TOTAL;HA;TOTAL;LEM;EU28;2017;60098.50;
ESTAT:ORCH_TOTAL(1.0);20.03.2019 23:00;A;TOTAL;HA;TOTAL;LEM;FI;2007;0;
ESTAT:ORCH_TOTAL(1.0);20.03.2019 23:00;A;TOTAL;HA;TOTAL;LEM;FI;2012;0;
ESTAT:ORCH_TOTAL(1.0);20.03.2019 23:00;A;TOTAL;HA;TOTAL;LEM;FR;2002;36.84;
ESTAT:ORCH_TOTAL(1.0);20.03.2019 23:00;A;TOTAL;HA;TOTAL;LEM;FR;2007;22.VII;
ESTAT:ORCH_TOTAL(1.0);20.03.2019 23:00;A;TOTAL;HA;TOTAL;LEM;FR;2012;793.45;
ESTAT:ORCH_TOTAL(1.0);20.03.2019 23:00;A;TOTAL;HA;TOTAL;LEM;HR;2012;;z
ESTAT:ORCH_TOTAL(1.0);20.03.2019 23:00;A;TOTAL;HA;TOTAL;LEM;HU;2007;0;
ESTAT:ORCH_TOTAL(1.0);20.03.2019 23:00;A;TOTAL;HA;TOTAL;LEM;HU;2012;0;
ESTAT:ORCH_TOTAL(1.0);20.03.2019 23:00;A;TOTAL;HA;TOTAL;LEM;IE;2007;0;
ESTAT:ORCH_TOTAL(1.0);20.03.2019 23:00;A;TOTAL;HA;TOTAL;LEM;IE;2012;0;
ESTAT:ORCH_TOTAL(1.0);20.03.2019 23:00;A;TOTAL;HA;TOTAL;LEM;IT;2002;17619.8;
ESTAT:ORCH_TOTAL(1.0);20.03.2019 23:00;A;TOTAL;HA;TOTAL;LEM;IT;2007;16633.6;
ESTAT:ORCH_TOTAL(1.0);20.03.2019 23:00;A;TOTAL;HA;TOTAL;LEM;IT;2012;15843.64;
ESTAT:ORCH_TOTAL(1.0);20.03.2019 23:00;A;TOTAL;HA;TOTAL;LEM;IT;2017;16693.97;
ESTAT:ORCH_TOTAL(1.0);20.03.2019 23:00;A;TOTAL;HA;TOTAL;LEM;LT;2007;0;
ESTAT:ORCH_TOTAL(1.0);20.03.2019 23:00;A;TOTAL;HA;TOTAL;LEM;LT;2012;0;
ESTAT:ORCH_TOTAL(1.0);20.03.2019 23:00;A;TOTAL;HA;TOTAL;LEM;LU;2007;0;
ESTAT:ORCH_TOTAL(1.0);20.03.2019 23:00;A;TOTAL;HA;TOTAL;LEM;LU;2012;0;
ESTAT:ORCH_TOTAL(1.0);20.03.2019 23:00;A;TOTAL;HA;TOTAL;LEM;LV;2007;0;
ESTAT:ORCH_TOTAL(1.0);20.03.2019 23:00;A;TOTAL;HA;TOTAL;LEM;LV;2012;0;
ESTAT:ORCH_TOTAL(1.0);20.03.2019 23:00;A;TOTAL;HA;TOTAL;LEM;MT;2012;;z
ESTAT:ORCH_TOTAL(1.0);20.03.2019 23:00;A;TOTAL;HA;TOTAL;LEM;NL;2007;0;
ESTAT:ORCH_TOTAL(1.0);20.03.2019 23:00;A;TOTAL;HA;TOTAL;LEM;NL;2012;0;
ESTAT:ORCH_TOTAL(1.0);20.03.2019 23:00;A;TOTAL;HA;TOTAL;LEM;PL;2007;0;
ESTAT:ORCH_TOTAL(1.0);20.03.2019 23:00;A;TOTAL;HA;TOTAL;LEM;PL;2012;0;
ESTAT:ORCH_TOTAL(1.0);20.03.2019 23:00;A;TOTAL;HA;TOTAL;LEM;PT;2002;356.98;
ESTAT:ORCH_TOTAL(1.0);20.03.2019 23:00;A;TOTAL;HA;TOTAL;LEM;PT;2007;494.04;
ESTAT:ORCH_TOTAL(1.0);20.03.2019 23:00;A;TOTAL;HA;TOTAL;LEM;PT;2012;875;
ESTAT:ORCH_TOTAL(1.0);20.03.2019 23:00;A;TOTAL;HA;TOTAL;LEM;RO;2007;0;
ESTAT:ORCH_TOTAL(1.0);20.03.2019 23:00;A;TOTAL;HA;TOTAL;LEM;RO;2012;0;
ESTAT:ORCH_TOTAL(1.0);20.03.2019 23:00;A;TOTAL;HA;TOTAL;LEM;SE;2007;0;
ESTAT:ORCH_TOTAL(1.0);20.03.2019 23:00;A;TOTAL;HA;TOTAL;LEM;SE;2012;0;
ESTAT:ORCH_TOTAL(1.0);20.03.2019 23:00;A;TOTAL;HA;TOTAL;LEM;SI;2007;0;
ESTAT:ORCH_TOTAL(1.0);20.03.2019 23:00;A;TOTAL;HA;TOTAL;LEM;SI;2012;;z
ESTAT:ORCH_TOTAL(1.0);20.03.2019 23:00;A;TOTAL;HA;TOTAL;LEM;SK;2007;0;
ESTAT:ORCH_TOTAL(1.0);20.03.2019 23:00;A;TOTAL;HA;TOTAL;LEM;SK;2012;0;
ESTAT:ORCH_TOTAL(1.0);20.03.2019 23:00;A;TOTAL;HA;TOTAL;LEM;UK;2007;0;
ESTAT:ORCH_TOTAL(1.0);20.03.2019 23:00;A;TOTAL;HA;TOTAL;LEM;UK;2012;0;
ESTAT:ORCH_TOTAL(1.0);20.03.2019 23:00;A;TOTAL;HA;TOTAL;OLI;AT;2012;0;
ESTAT:ORCH_TOTAL(1.0);20.03.2019 23:00;A;TOTAL;HA;TOTAL;OLI;BE;2012;0;
ESTAT:ORCH_TOTAL(1.0);20.03.2019 23:00;A;TOTAL;HA;TOTAL;OLI;BG;2012;0.00;
ESTAT:ORCH_TOTAL(1.0);20.03.2019 23:00;A;TOTAL;HA;TOTAL;OLI;CY;2012;10802.29;
ESTAT:ORCH_TOTAL(1.0);20.03.2019 23:00;A;TOTAL;HA;TOTAL;OLI;CY;2017;10790.35;
ESTAT:ORCH_TOTAL(1.0);20.03.2019 23:00;A;TOTAL;HA;TOTAL;OLI;CZ;2012;0;
ESTAT:ORCH_TOTAL(1.0);20.03.2019 23:00;A;TOTAL;HA;TOTAL;OLI;DE;2012;0;
ESTAT:ORCH_TOTAL(1.0);20.03.2019 23:00;A;TOTAL;HA;TOTAL;OLI;DK;2012;0;
ESTAT:ORCH_TOTAL(1.0);20.03.2019 23:00;A;TOTAL;HA;TOTAL;OLI;EE;2012;0;
ESTAT:ORCH_TOTAL(1.0);20.03.2019 23:00;A;TOTAL;HA;TOTAL;OLI;EL;2012;705960.99;
ESTAT:ORCH_TOTAL(1.0);20.03.2019 23:00;A;TOTAL;HA;TOTAL;OLI;EL;2017;670679.36;
ESTAT:ORCH_TOTAL(1.0);20.03.2019 23:00;A;TOTAL;HA;TOTAL;OLI;ES;2012;2478443.97;
ESTAT:ORCH_TOTAL(1.0);20.03.2019 23:00;A;TOTAL;HA;TOTAL;OLI;ES;2017;2505786.08;
ESTAT:ORCH_TOTAL(1.0);20.03.2019 23:00;A;TOTAL;HA;TOTAL;OLI;EU27_2020;2017;4592102.57;
ESTAT:ORCH_TOTAL(1.0);20.03.2019 23:00;A;TOTAL;HA;TOTAL;OLI;EU28;2012;4652682.27;
ESTAT:ORCH_TOTAL(1.0);20.03.2019 23:00;A;TOTAL;HA;TOTAL;OLI;EU28;2017;4592102.57;
ESTAT:ORCH_TOTAL(1.0);20.03.2019 23:00;A;TOTAL;HA;TOTAL;OLI;FI;2012;0;
ESTAT:ORCH_TOTAL(1.0);20.03.2019 23:00;A;TOTAL;HA;TOTAL;OLI;FR;2012;17052;
ESTAT:ORCH_TOTAL(1.0);20.03.2019 23:00;A;TOTAL;HA;TOTAL;OLI;FR;2017;15345.23;
ESTAT:ORCH_TOTAL(1.0);20.03.2019 23:00;A;TOTAL;HA;TOTAL;OLI;HR;2012;16553.90;
ESTAT:ORCH_TOTAL(1.0);20.03.2019 23:00;A;TOTAL;HA;TOTAL;OLI;HR;2017;17010.87;
ESTAT:ORCH_TOTAL(1.0);20.03.2019 23:00;A;TOTAL;HA;TOTAL;OLI;HU;2012;0;
ESTAT:ORCH_TOTAL(1.0);20.03.2019 23:00;A;TOTAL;HA;TOTAL;OLI;IE;2012;0;
ESTAT:ORCH_TOTAL(1.0);20.03.2019 23:00;A;TOTAL;HA;TOTAL;OLI;IT;2012;1110701.05;
ESTAT:ORCH_TOTAL(1.0);20.03.2019 23:00;A;TOTAL;HA;TOTAL;OLI;IT;2017;1070833.53;
ESTAT:ORCH_TOTAL(1.0);20.03.2019 23:00;A;TOTAL;HA;TOTAL;OLI;LT;2012;0;
ESTAT:ORCH_TOTAL(1.0);20.03.2019 23:00;A;TOTAL;HA;TOTAL;OLI;LU;2012;0;
ESTAT:ORCH_TOTAL(1.0);20.03.2019 23:00;A;TOTAL;HA;TOTAL;OLI;LV;2012;0;
ESTAT:ORCH_TOTAL(1.0);20.03.2019 23:00;A;TOTAL;HA;TOTAL;OLI;MT;2012;;z
ESTAT:ORCH_TOTAL(1.0);20.03.2019 23:00;A;TOTAL;HA;TOTAL;OLI;NL;2012;0;
ESTAT:ORCH_TOTAL(1.0);20.03.2019 23:00;A;TOTAL;HA;TOTAL;OLI;PL;2012;0;
ESTAT:ORCH_TOTAL(1.0);20.03.2019 23:00;A;TOTAL;HA;TOTAL;OLI;PT;2012;312276.06;
ESTAT:ORCH_TOTAL(1.0);20.03.2019 23:00;A;TOTAL;HA;TOTAL;OLI;PT;2017;300415.17;
ESTAT:ORCH_TOTAL(1.0);20.03.2019 23:00;A;TOTAL;HA;TOTAL;OLI;RO;2012;0;
ESTAT:ORCH_TOTAL(1.0);20.03.2019 23:00;A;TOTAL;HA;TOTAL;OLI;SE;2012;0;
ESTAT:ORCH_TOTAL(1.0);20.03.2019 23:00;A;TOTAL;HA;TOTAL;OLI;SI;2012;892;e
ESTAT:ORCH_TOTAL(1.0);20.03.2019 23:00;A;TOTAL;HA;TOTAL;OLI;SI;2017;1241.99;
ESTAT:ORCH_TOTAL(1.0);20.03.2019 23:00;A;TOTAL;HA;TOTAL;OLI;SK;2012;0;
ESTAT:ORCH_TOTAL(1.0);20.03.2019 23:00;A;TOTAL;HA;TOTAL;OLI;UK;2012;0;
ESTAT:ORCH_TOTAL(1.0);20.03.2019 23:00;A;TOTAL;HA;TOTAL;ORA;AT;2002;0;
ESTAT:ORCH_TOTAL(1.0);20.03.2019 23:00;A;TOTAL;HA;TOTAL;ORA;AT;2007;0;
ESTAT:ORCH_TOTAL(1.0);20.03.2019 23:00;A;TOTAL;HA;TOTAL;ORA;AT;2012;0;
ESTAT:ORCH_TOTAL(1.0);20.03.2019 23:00;A;TOTAL;HA;TOTAL;ORA;BE;2002;0;
ESTAT:ORCH_TOTAL(1.0);20.03.2019 23:00;A;TOTAL;HA;TOTAL;ORA;BE;2007;0;
ESTAT:ORCH_TOTAL(1.0);20.03.2019 23:00;A;TOTAL;HA;TOTAL;ORA;BE;2012;0;
ESTAT:ORCH_TOTAL(1.0);20.03.2019 23:00;A;TOTAL;HA;TOTAL;ORA;BG;2007;0;
ESTAT:ORCH_TOTAL(1.0);20.03.2019 23:00;A;TOTAL;HA;TOTAL;ORA;BG;2012;0.00;
ESTAT:ORCH_TOTAL(1.0);20.03.2019 23:00;A;TOTAL;HA;TOTAL;ORA;CY;2007;1554;
ESTAT:ORCH_TOTAL(1.0);20.03.2019 23:00;A;TOTAL;HA;TOTAL;ORA;CY;2012;1201.31;
ESTAT:ORCH_TOTAL(1.0);20.03.2019 23:00;A;TOTAL;HA;TOTAL;ORA;CY;2017;1108.67;
ESTAT:ORCH_TOTAL(1.0);20.03.2019 23:00;A;TOTAL;HA;TOTAL;ORA;CZ;2007;0;
ESTAT:ORCH_TOTAL(1.0);20.03.2019 23:00;A;TOTAL;HA;TOTAL;ORA;CZ;2012;0;
ESTAT:ORCH_TOTAL(1.0);20.03.2019 23:00;A;TOTAL;HA;TOTAL;ORA;DE;2002;0;
ESTAT:ORCH_TOTAL(1.0);20.03.2019 23:00;A;TOTAL;HA;TOTAL;ORA;DE;2007;0;
ESTAT:ORCH_TOTAL(1.0);20.03.2019 23:00;A;TOTAL;HA;TOTAL;ORA;DE;2012;0;
ESTAT:ORCH_TOTAL(1.0);20.03.2019 23:00;A;TOTAL;HA;TOTAL;ORA;DK;2002;0;
ESTAT:ORCH_TOTAL(1.0);20.03.2019 23:00;A;TOTAL;HA;TOTAL;ORA;DK;2007;0;
ESTAT:ORCH_TOTAL(1.0);20.03.2019 23:00;A;TOTAL;HA;TOTAL;ORA;DK;2012;0;
ESTAT:ORCH_TOTAL(1.0);20.03.2019 23:00;A;TOTAL;HA;TOTAL;ORA;EE;2007;0;
ESTAT:ORCH_TOTAL(1.0);20.03.2019 23:00;A;TOTAL;HA;TOTAL;ORA;EE;2012;0;
ESTAT:ORCH_TOTAL(1.0);20.03.2019 23:00;A;TOTAL;HA;TOTAL;ORA;EL;2002;33029.1;
ESTAT:ORCH_TOTAL(1.0);20.03.2019 23:00;A;TOTAL;HA;TOTAL;ORA;EL;2007;32439.9;
ESTAT:ORCH_TOTAL(1.0);20.03.2019 23:00;A;TOTAL;HA;TOTAL;ORA;EL;2012;27017.50;
ESTAT:ORCH_TOTAL(1.0);20.03.2019 23:00;A;TOTAL;HA;TOTAL;ORA;EL;2017;28783.71;
ESTAT:ORCH_TOTAL(1.0);20.03.2019 23:00;A;TOTAL;HA;TOTAL;ORA;ES;2002;131435;
ESTAT:ORCH_TOTAL(1.0);20.03.2019 23:00;A;TOTAL;HA;TOTAL;ORA;ES;2007;158824;
ESTAT:ORCH_TOTAL(1.0);20.03.2019 23:00;A;TOTAL;HA;TOTAL;ORA;ES;2012;149971.11;
ESTAT:ORCH_TOTAL(1.0);20.03.2019 23:00;A;TOTAL;HA;TOTAL;ORA;ES;2017;135092.23;
ESTAT:ORCH_TOTAL(1.0);20.03.2019 23:00;A;TOTAL;HA;TOTAL;ORA;EU27_2020;2017;255533.84;
ESTAT:ORCH_TOTAL(1.0);20.03.2019 23:00;A;TOTAL;HA;TOTAL;ORA;EU28;2012;267255.34;
ESTAT:ORCH_TOTAL(1.0);20.03.2019 23:00;A;TOTAL;HA;TOTAL;ORA;EU28;2017;255533.84;
ESTAT:ORCH_TOTAL(1.0);20.03.2019 23:00;A;TOTAL;HA;TOTAL;ORA;FI;2002;0;
ESTAT:ORCH_TOTAL(1.0);20.03.2019 23:00;A;TOTAL;HA;TOTAL;ORA;FI;2007;0;
ESTAT:ORCH_TOTAL(1.0);20.03.2019 23:00;A;TOTAL;HA;TOTAL;ORA;FI;2012;0;
ESTAT:ORCH_TOTAL(1.0);20.03.2019 23:00;A;TOTAL;HA;TOTAL;ORA;FR;2002;28.96;
ESTAT:ORCH_TOTAL(1.0);20.03.2019 23:00;A;TOTAL;HA;TOTAL;ORA;FR;2007;28.55;
ESTAT:ORCH_TOTAL(1.0);20.03.2019 23:00;A;TOTAL;HA;TOTAL;ORA;FR;2012;801.58;
ESTAT:ORCH_TOTAL(1.0);20.03.2019 23:00;A;TOTAL;HA;TOTAL;ORA;HR;2012;;z
ESTAT:ORCH_TOTAL(1.0);20.03.2019 23:00;A;TOTAL;HA;TOTAL;ORA;HU;2007;0;
ESTAT:ORCH_TOTAL(1.0);20.03.2019 23:00;A;TOTAL;HA;TOTAL;ORA;HU;2012;0;
ESTAT:ORCH_TOTAL(1.0);20.03.2019 23:00;A;TOTAL;HA;TOTAL;ORA;IE;2002;0;
ESTAT:ORCH_TOTAL(1.0);20.03.2019 23:00;A;TOTAL;HA;TOTAL;ORA;IE;2007;0;
ESTAT:ORCH_TOTAL(1.0);20.03.2019 23:00;A;TOTAL;HA;TOTAL;ORA;IE;2012;0;
ESTAT:ORCH_TOTAL(1.0);20.03.2019 23:00;A;TOTAL;HA;TOTAL;ORA;IT;2002;76042.2;
ESTAT:ORCH_TOTAL(1.0);20.03.2019 23:00;A;TOTAL;HA;TOTAL;ORA;IT;2007;73785.9;
ESTAT:ORCH_TOTAL(1.0);20.03.2019 23:00;A;TOTAL;HA;TOTAL;ORA;IT;2012;77518.88;
ESTAT:ORCH_TOTAL(1.0);20.03.2019 23:00;A;TOTAL;HA;TOTAL;ORA;IT;2017;78347.71;
ESTAT:ORCH_TOTAL(1.0);20.03.2019 23:00;A;TOTAL;HA;TOTAL;ORA;LT;2007;0;
ESTAT:ORCH_TOTAL(1.0);20.03.2019 23:00;A;TOTAL;HA;TOTAL;ORA;LT;2012;0;
ESTAT:ORCH_TOTAL(1.0);20.03.2019 23:00;A;TOTAL;HA;TOTAL;ORA;LU;2002;0;
ESTAT:ORCH_TOTAL(1.0);20.03.2019 23:00;A;TOTAL;HA;TOTAL;ORA;LU;2007;0;
ESTAT:ORCH_TOTAL(1.0);20.03.2019 23:00;A;TOTAL;HA;TOTAL;ORA;LU;2012;0;
ESTAT:ORCH_TOTAL(1.0);20.03.2019 23:00;A;TOTAL;HA;TOTAL;ORA;LV;2007;0;
ESTAT:ORCH_TOTAL(1.0);20.03.2019 23:00;A;TOTAL;HA;TOTAL;ORA;LV;2012;0;
ESTAT:ORCH_TOTAL(1.0);20.03.2019 23:00;A;TOTAL;HA;TOTAL;ORA;MT;2012;;z
ESTAT:ORCH_TOTAL(1.0);20.03.2019 23:00;A;TOTAL;HA;TOTAL;ORA;NL;2002;0;
ESTAT:ORCH_TOTAL(1.0);20.03.2019 23:00;A;TOTAL;HA;TOTAL;ORA;NL;2007;0;
ESTAT:ORCH_TOTAL(1.0);20.03.2019 23:00;A;TOTAL;HA;TOTAL;ORA;NL;2012;0;
ESTAT:ORCH_TOTAL(1.0);20.03.2019 23:00;A;TOTAL;HA;TOTAL;ORA;PL;2007;0;
ESTAT:ORCH_TOTAL(1.0);20.03.2019 23:00;A;TOTAL;HA;TOTAL;ORA;PL;2012;0;
ESTAT:ORCH_TOTAL(1.0);20.03.2019 23:00;A;TOTAL;HA;TOTAL;ORA;PT;2002;11582;
ESTAT:ORCH_TOTAL(1.0);20.03.2019 23:00;A;TOTAL;HA;TOTAL;ORA;PT;2007;12416;
ESTAT:ORCH_TOTAL(1.0);20.03.2019 23:00;A;TOTAL;HA;TOTAL;ORA;PT;2012;10744.93;
ESTAT:ORCH_TOTAL(1.0);20.03.2019 23:00;A;TOTAL;HA;TOTAL;ORA;PT;2017;12201.52;
ESTAT:ORCH_TOTAL(1.0);20.03.2019 23:00;A;TOTAL;HA;TOTAL;ORA;RO;2007;0;
ESTAT:ORCH_TOTAL(1.0);20.03.2019 23:00;A;TOTAL;HA;TOTAL;ORA;RO;2012;0;
ESTAT:ORCH_TOTAL(1.0);20.03.2019 23:00;A;TOTAL;HA;TOTAL;ORA;SE;2002;0;
ESTAT:ORCH_TOTAL(1.0);20.03.2019 23:00;A;TOTAL;HA;TOTAL;ORA;SE;2007;0;
ESTAT:ORCH_TOTAL(1.0);20.03.2019 23:00;A;TOTAL;HA;TOTAL;ORA;SE;2012;0;
ESTAT:ORCH_TOTAL(1.0);20.03.2019 23:00;A;TOTAL;HA;TOTAL;ORA;SI;2007;0;
ESTAT:ORCH_TOTAL(1.0);20.03.2019 23:00;A;TOTAL;HA;TOTAL;ORA;SI;2012;0;
ESTAT:ORCH_TOTAL(1.0);20.03.2019 23:00;A;TOTAL;HA;TOTAL;ORA;SK;2007;0;
ESTAT:ORCH_TOTAL(1.0);20.03.2019 23:00;A;TOTAL;HA;TOTAL;ORA;SK;2012;0;
ESTAT:ORCH_TOTAL(1.0);20.03.2019 23:00;A;TOTAL;HA;TOTAL;ORA;UK;2002;0;
ESTAT:ORCH_TOTAL(1.0);20.03.2019 23:00;A;TOTAL;HA;TOTAL;ORA;UK;2007;0;
ESTAT:ORCH_TOTAL(1.0);20.03.2019 23:00;A;TOTAL;HA;TOTAL;ORA;UK;2012;0;
ESTAT:ORCH_TOTAL(1.0);20.03.2019 23:00;A;TOTAL;HA;TOTAL;PCD;AT;2012;211.01;
ESTAT:ORCH_TOTAL(1.0);20.03.2019 23:00;A;TOTAL;HA;TOTAL;PCD;AT;2017;218.38;
ESTAT:ORCH_TOTAL(1.0);20.03.2019 23:00;A;TOTAL;HA;TOTAL;PCD;BG;2012;3738.45;
ESTAT:ORCH_TOTAL(1.0);20.03.2019 23:00;A;TOTAL;HA;TOTAL;PCD;BG;2017;2795.63;
ESTAT:ORCH_TOTAL(1.0);20.03.2019 23:00;A;TOTAL;HA;TOTAL;PCD;CY;2012;361.60;
ESTAT:ORCH_TOTAL(1.0);20.03.2019 23:00;A;TOTAL;HA;TOTAL;PCD;CY;2017;298.82;
ESTAT:ORCH_TOTAL(1.0);20.03.2019 23:00;A;TOTAL;HA;TOTAL;PCD;CZ;2012;761.38;
ESTAT:ORCH_TOTAL(1.0);20.03.2019 23:00;A;TOTAL;HA;TOTAL;PCD;DE;2012;0;
ESTAT:ORCH_TOTAL(1.0);20.03.2019 23:00;A;TOTAL;HA;TOTAL;PCD;DK;2012;0;
ESTAT:ORCH_TOTAL(1.0);20.03.2019 23:00;A;TOTAL;HA;TOTAL;PCD;EE;2012;0;
ESTAT:ORCH_TOTAL(1.0);20.03.2019 23:00;A;TOTAL;HA;TOTAL;PCD;EL;2012;32229.10;
ESTAT:ORCH_TOTAL(1.0);20.03.2019 23:00;A;TOTAL;HA;TOTAL;PCD;EL;2017;18434.21;
ESTAT:ORCH_TOTAL(1.0);20.03.2019 23:00;A;TOTAL;HA;TOTAL;PCD;ES;2012;65459.48;
ESTAT:ORCH_TOTAL(1.0);20.03.2019 23:00;A;TOTAL;HA;TOTAL;PCD;ES;2017;73175.58;
ESTAT:ORCH_TOTAL(1.0);20.03.2019 23:00;A;TOTAL;HA;TOTAL;PCD;EU27_2020;2017;168020.74;
ESTAT:ORCH_TOTAL(1.0);20.03.2019 23:00;A;TOTAL;HA;TOTAL;PCD;EU28;2012;180477.45;
ESTAT:ORCH_TOTAL(1.0);20.03.2019 23:00;A;TOTAL;HA;TOTAL;PCD;EU28;2017;168020.74;
ESTAT:ORCH_TOTAL(1.0);20.03.2019 23:00;A;TOTAL;HA;TOTAL;PCD;FI;2012;0;
ESTAT:ORCH_TOTAL(1.0);20.03.2019 23:00;A;TOTAL;HA;TOTAL;PCD;FR;2012;10492.69;
ESTAT:ORCH_TOTAL(1.0);20.03.2019 23:00;A;TOTAL;HA;TOTAL;PCD;FR;2017;10580.89;
ESTAT:ORCH_TOTAL(1.0);20.03.2019 23:00;A;TOTAL;HA;TOTAL;PCD;HR;2012;1042.27;
ESTAT:ORCH_TOTAL(1.0);20.03.2019 23:00;A;TOTAL;HA;TOTAL;PCD;HU;2012;3627.16;
ESTAT:ORCH_TOTAL(1.0);20.03.2019 23:00;A;TOTAL;HA;TOTAL;PCD;HU;2017;3261.85;
ESTAT:ORCH_TOTAL(1.0);20.03.2019 23:00;A;TOTAL;HA;TOTAL;PCD;IE;2012;0;
ESTAT:ORCH_TOTAL(1.0);20.03.2019 23:00;A;TOTAL;HA;TOTAL;PCD;IT;2012;56418.52;
ESTAT:ORCH_TOTAL(1.0);20.03.2019 23:00;A;TOTAL;HA;TOTAL;PCD;IT;2017;54195.94;
ESTAT:ORCH_TOTAL(1.0);20.03.2019 23:00;A;TOTAL;HA;TOTAL;PCD;LT;2012;0;
ESTAT:ORCH_TOTAL(1.0);20.03.2019 23:00;A;TOTAL;HA;TOTAL;PCD;LU;2012;0;
ESTAT:ORCH_TOTAL(1.0);20.03.2019 23:00;A;TOTAL;HA;TOTAL;PCD;LV;2012;0;
ESTAT:ORCH_TOTAL(1.0);20.03.2019 23:00;A;TOTAL;HA;TOTAL;PCD;MT;2012;;z
ESTAT:ORCH_TOTAL(1.0);20.03.2019 23:00;A;TOTAL;HA;TOTAL;PCD;NL;2012;0;
ESTAT:ORCH_TOTAL(1.0);20.03.2019 23:00;A;TOTAL;HA;TOTAL;PCD;PL;2012;1315.26;
ESTAT:ORCH_TOTAL(1.0);20.03.2019 23:00;A;TOTAL;HA;TOTAL;PCD;PL;2017;716.34;
ESTAT:ORCH_TOTAL(1.0);20.03.2019 23:00;A;TOTAL;HA;TOTAL;PCD;PT;2012;2535.83;
ESTAT:ORCH_TOTAL(1.0);20.03.2019 23:00;A;TOTAL;HA;TOTAL;PCD;PT;2017;2497.59;
ESTAT:ORCH_TOTAL(1.0);20.03.2019 23:00;A;TOTAL;HA;TOTAL;PCD;RO;2012;1886.75;
ESTAT:ORCH_TOTAL(1.0);20.03.2019 23:00;A;TOTAL;HA;TOTAL;PCD;RO;2017;1845.55;
ESTAT:ORCH_TOTAL(1.0);20.03.2019 23:00;A;TOTAL;HA;TOTAL;PCD;RS;2017;7160.00;
ESTAT:ORCH_TOTAL(1.0);20.03.2019 23:00;A;TOTAL;HA;TOTAL;PCD;SE;2012;0;
ESTAT:ORCH_TOTAL(1.0);20.03.2019 23:00;A;TOTAL;HA;TOTAL;PCD;SI;2012;397.9;
ESTAT:ORCH_TOTAL(1.0);20.03.2019 23:00;A;TOTAL;HA;TOTAL;PCD;UK;2012;0;
ESTAT:ORCH_TOTAL(1.0);20.03.2019 23:00;A;TOTAL;HA;TOTAL;PCI;BG;2012;614.03;
ESTAT:ORCH_TOTAL(1.0);20.03.2019 23:00;A;TOTAL;HA;TOTAL;PCI;BG;2017;867.29;
ESTAT:ORCH_TOTAL(1.0);20.03.2019 23:00;A;TOTAL;HA;TOTAL;PCI;CZ;2012;0;
ESTAT:ORCH_TOTAL(1.0);20.03.2019 23:00;A;TOTAL;HA;TOTAL;PCI;DE;2012;0;
ESTAT:ORCH_TOTAL(1.0);20.03.2019 23:00;A;TOTAL;HA;TOTAL;PCI;DK;2012;0;
ESTAT:ORCH_TOTAL(1.0);20.03.2019 23:00;A;TOTAL;HA;TOTAL;PCI;EE;2012;0;
ESTAT:ORCH_TOTAL(1.0);20.03.2019 23:00;A;TOTAL;HA;TOTAL;PCI;EL;2017;15336.27;
ESTAT:ORCH_TOTAL(1.0);20.03.2019 23:00;A;TOTAL;HA;TOTAL;PCI;ES;2012;11704.28;
ESTAT:ORCH_TOTAL(1.0);20.03.2019 23:00;A;TOTAL;HA;TOTAL;PCI;ES;2017;5739.51;
ESTAT:ORCH_TOTAL(1.0);20.03.2019 23:00;A;TOTAL;HA;TOTAL;PCI;EU27_2020;2017;22528.43;
ESTAT:ORCH_TOTAL(1.0);20.03.2019 23:00;A;TOTAL;HA;TOTAL;PCI;EU28;2017;22528.43;
ESTAT:ORCH_TOTAL(1.0);20.03.2019 23:00;A;TOTAL;HA;TOTAL;PCI;FI;2012;0;
ESTAT:ORCH_TOTAL(1.0);20.03.2019 23:00;A;TOTAL;HA;TOTAL;PCI;FR;2012;292.51;
ESTAT:ORCH_TOTAL(1.0);20.03.2019 23:00;A;TOTAL;HA;TOTAL;PCI;FR;2017;338.69;
ESTAT:ORCH_TOTAL(1.0);20.03.2019 23:00;A;TOTAL;HA;TOTAL;PCI;HR;2012;0;
ESTAT:ORCH_TOTAL(1.0);20.03.2019 23:00;A;TOTAL;HA;TOTAL;PCI;HU;2012;348.66;
ESTAT:ORCH_TOTAL(1.0);20.03.2019 23:00;A;TOTAL;HA;TOTAL;PCI;HU;2017;246.68;
ESTAT:ORCH_TOTAL(1.0);20.03.2019 23:00;A;TOTAL;HA;TOTAL;PCI;IE;2012;0;
ESTAT:ORCH_TOTAL(1.0);20.03.2019 23:00;A;TOTAL;HA;TOTAL;PCI;IT;2012;5685.29;
ESTAT:ORCH_TOTAL(1.0);20.03.2019 23:00;A;TOTAL;HA;TOTAL;PCI;LT;2012;0;
ESTAT:ORCH_TOTAL(1.0);20.03.2019 23:00;A;TOTAL;HA;TOTAL;PCI;LU;2012;0;
ESTAT:ORCH_TOTAL(1.0);20.03.2019 23:00;A;TOTAL;HA;TOTAL;PCI;LV;2012;0;
ESTAT:ORCH_TOTAL(1.0);20.03.2019 23:00;A;TOTAL;HA;TOTAL;PCI;MT;2012;0;
ESTAT:ORCH_TOTAL(1.0);20.03.2019 23:00;A;TOTAL;HA;TOTAL;PCI;NL;2012;0;
ESTAT:ORCH_TOTAL(1.0);20.03.2019 23:00;A;TOTAL;HA;TOTAL;PCI;RO;2012;0;
ESTAT:ORCH_TOTAL(1.0);20.03.2019 23:00;A;TOTAL;HA;TOTAL;PCI;SE;2012;0;
ESTAT:ORCH_TOTAL(1.0);20.03.2019 23:00;A;TOTAL;HA;TOTAL;PCI;UK;2012;0;
ESTAT:ORCH_TOTAL(1.0);20.03.2019 23:00;A;TOTAL;HA;TOTAL;PED;AT;2002;469.84;
ESTAT:ORCH_TOTAL(1.0);20.03.2019 23:00;A;TOTAL;HA;TOTAL;PED;AT;2007;506.38;
ESTAT:ORCH_TOTAL(1.0);20.03.2019 23:00;A;TOTAL;HA;TOTAL;PED;AT;2012;534.52;
ESTAT:ORCH_TOTAL(1.0);20.03.2019 23:00;A;TOTAL;HA;TOTAL;PED;AT;2017;620.88;
ESTAT:ORCH_TOTAL(1.0);20.03.2019 23:00;A;TOTAL;HA;TOTAL;PED;BE;2002;6388.97;
ESTAT:ORCH_TOTAL(1.0);20.03.2019 23:00;A;TOTAL;HA;TOTAL;PED;BE;2007;7224.56;
ESTAT:ORCH_TOTAL(1.0);20.03.2019 23:00;A;TOTAL;HA;TOTAL;PED;BE;2012;8317.59;
ESTAT:ORCH_TOTAL(1.0);20.03.2019 23:00;A;TOTAL;HA;TOTAL;PED;BE;2017;8941.41;
ESTAT:ORCH_TOTAL(1.0);20.03.2019 23:00;A;TOTAL;HA;TOTAL;PED;BG;2007;298.36;
ESTAT:ORCH_TOTAL(1.0);20.03.2019 23:00;A;TOTAL;HA;TOTAL;PED;BG;2012;540.03;
ESTAT:ORCH_TOTAL(1.0);20.03.2019 23:00;A;TOTAL;HA;TOTAL;PED;CY;2007;146;
ESTAT:ORCH_TOTAL(1.0);20.03.2019 23:00;A;TOTAL;HA;TOTAL;PED;CY;2012;86.53;
ESTAT:ORCH_TOTAL(1.0);20.03.2019 23:00;A;TOTAL;HA;TOTAL;PED;CY;2017;70.85;
ESTAT:ORCH_TOTAL(1.0);20.03.2019 23:00;A;TOTAL;HA;TOTAL;PED;CZ;2007;715.54;
ESTAT:ORCH_TOTAL(1.0);20.03.2019 23:00;A;TOTAL;HA;TOTAL;PED;CZ;2012;1025.96;
ESTAT:ORCH_TOTAL(1.0);20.03.2019 23:00;A;TOTAL;HA;TOTAL;PED;CZ;2017;870.10;
ESTAT:ORCH_TOTAL(1.0);20.03.2019 23:00;A;TOTAL;HA;TOTAL;PED;DE;2002;1685.01;
ESTAT:ORCH_TOTAL(1.0);20.03.2019 23:00;A;TOTAL;HA;TOTAL;PED;DE;2007;1580.8;
ESTAT:ORCH_TOTAL(1.0);20.03.2019 23:00;A;TOTAL;HA;TOTAL;PED;DE;2012;1360.67;
ESTAT:ORCH_TOTAL(1.0);20.03.2019 23:00;A;TOTAL;HA;TOTAL;PED;DE;2017;1456.81;
ESTAT:ORCH_TOTAL(1.0);20.03.2019 23:00;A;TOTAL;HA;TOTAL;PED;DK;2002;399.75;
ESTAT:ORCH_TOTAL(1.0);20.03.2019 23:00;A;TOTAL;HA;TOTAL;PED;DK;2007;400.63;
ESTAT:ORCH_TOTAL(1.0);20.03.2019 23:00;A;TOTAL;HA;TOTAL;PED;DK;2012;362.67;
ESTAT:ORCH_TOTAL(1.0);20.03.2019 23:00;A;TOTAL;HA;TOTAL;PED;DK;2017;313.54;
ESTAT:ORCH_TOTAL(1.0);20.03.2019 23:00;A;TOTAL;HA;TOTAL;PED;EE;2007;0;
ESTAT:ORCH_TOTAL(1.0);20.03.2019 23:00;A;TOTAL;HA;TOTAL;PED;EE;2012;0;
ESTAT:ORCH_TOTAL(1.0);20.03.2019 23:00;A;TOTAL;HA;TOTAL;PED;EL;2002;3386.4;
ESTAT:ORCH_TOTAL(1.0);20.03.2019 23:00;A;TOTAL;HA;TOTAL;PED;EL;2007;3126.89;
ESTAT:ORCH_TOTAL(1.0);20.03.2019 23:00;A;TOTAL;HA;TOTAL;PED;EL;2012;3211.64;
ESTAT:ORCH_TOTAL(1.0);20.03.2019 23:00;A;TOTAL;HA;TOTAL;PED;EL;2017;3304.31;
ESTAT:ORCH_TOTAL(1.0);20.03.2019 23:00;A;TOTAL;HA;TOTAL;PED;ES;2002;31306;
ESTAT:ORCH_TOTAL(1.0);20.03.2019 23:00;A;TOTAL;HA;TOTAL;PED;ES;2007;25845.4;
ESTAT:ORCH_TOTAL(1.0);20.03.2019 23:00;A;TOTAL;HA;TOTAL;PED;ES;2012;21988.64;
ESTAT:ORCH_TOTAL(1.0);20.03.2019 23:00;A;TOTAL;HA;TOTAL;PED;ES;2017;18108.00;
ESTAT:ORCH_TOTAL(1.0);20.03.2019 23:00;A;TOTAL;HA;TOTAL;PED;EU27_2020;2017;98204.14;
ESTAT:ORCH_TOTAL(1.0);20.03.2019 23:00;A;TOTAL;HA;TOTAL;PED;EU28;2012;104038.67;
ESTAT:ORCH_TOTAL(1.0);20.03.2019 23:00;A;TOTAL;HA;TOTAL;PED;EU28;2017;99702.73;
ESTAT:ORCH_TOTAL(1.0);20.03.2019 23:00;A;TOTAL;HA;TOTAL;PED;FI;2007;0;
ESTAT:ORCH_TOTAL(1.0);20.03.2019 23:00;A;TOTAL;HA;TOTAL;PED;FI;2012;;z
ESTAT:ORCH_TOTAL(1.0);20.03.2019 23:00;A;TOTAL;HA;TOTAL;PED;FR;2002;9038.77;
ESTAT:ORCH_TOTAL(1.0);20.03.2019 23:00;A;TOTAL;HA;TOTAL;PED;FR;2007;6706.57;
ESTAT:ORCH_TOTAL(1.0);20.03.2019 23:00;A;TOTAL;HA;TOTAL;PED;FR;2012;5024.6;
ESTAT:ORCH_TOTAL(1.0);20.03.2019 23:00;A;TOTAL;HA;TOTAL;PED;FR;2017;5249.75;
ESTAT:ORCH_TOTAL(1.0);20.03.2019 23:00;A;TOTAL;HA;TOTAL;PED;HR;2012;554.00;
ESTAT:ORCH_TOTAL(1.0);20.03.2019 23:00;A;TOTAL;HA;TOTAL;PED;HU;2007;2812.11;
ESTAT:ORCH_TOTAL(1.0);20.03.2019 23:00;A;TOTAL;HA;TOTAL;PED;HU;2012;2426.31;
ESTAT:ORCH_TOTAL(1.0);20.03.2019 23:00;A;TOTAL;HA;TOTAL;PED;HU;2017;2334.71;
ESTAT:ORCH_TOTAL(1.0);20.03.2019 23:00;A;TOTAL;HA;TOTAL;PED;IE;2007;0;
ESTAT:ORCH_TOTAL(1.0);20.03.2019 23:00;A;TOTAL;HA;TOTAL;PED;IE;2012;;z
ESTAT:ORCH_TOTAL(1.0);20.03.2019 23:00;A;TOTAL;HA;TOTAL;PED;IT;2002;38419.7;
ESTAT:ORCH_TOTAL(1.0);20.03.2019 23:00;A;TOTAL;HA;TOTAL;PED;IT;2007;32075.2;
ESTAT:ORCH_TOTAL(1.0);20.03.2019 23:00;A;TOTAL;HA;TOTAL;PED;IT;2012;30182.51;
ESTAT:ORCH_TOTAL(1.0);20.03.2019 23:00;A;TOTAL;HA;TOTAL;PED;IT;2017;28623.15;
ESTAT:ORCH_TOTAL(1.0);20.03.2019 23:00;A;TOTAL;HA;TOTAL;PED;LT;2007;31.V;
ESTAT:ORCH_TOTAL(1.0);20.03.2019 23:00;A;TOTAL;HA;TOTAL;PED;LT;2012;38.69;
ESTAT:ORCH_TOTAL(1.0);20.03.2019 23:00;A;TOTAL;HA;TOTAL;PED;LU;2002;66.55;
ESTAT:ORCH_TOTAL(1.0);20.03.2019 23:00;A;TOTAL;HA;TOTAL;PED;LU;2007;VII.88;
ESTAT:ORCH_TOTAL(1.0);20.03.2019 23:00;A;TOTAL;HA;TOTAL;PED;LU;2012;18;
ESTAT:ORCH_TOTAL(1.0);20.03.2019 23:00;A;TOTAL;HA;TOTAL;PED;LV;2007;257.5;
ESTAT:ORCH_TOTAL(1.0);20.03.2019 23:00;A;TOTAL;HA;TOTAL;PED;LV;2012;;z
ESTAT:ORCH_TOTAL(1.0);20.03.2019 23:00;A;TOTAL;HA;TOTAL;PED;MT;2012;;z
ESTAT:ORCH_TOTAL(1.0);20.03.2019 23:00;A;TOTAL;HA;TOTAL;PED;NL;2002;5841.04;
ESTAT:ORCH_TOTAL(1.0);20.03.2019 23:00;A;TOTAL;HA;TOTAL;PED;NL;2007;7030.08;
ESTAT:ORCH_TOTAL(1.0);20.03.2019 23:00;A;TOTAL;HA;TOTAL;PED;NL;2012;8168.55;
ESTAT:ORCH_TOTAL(1.0);20.03.2019 23:00;A;TOTAL;HA;TOTAL;PED;NL;2017;9741.74;
ESTAT:ORCH_TOTAL(1.0);20.03.2019 23:00;A;TOTAL;HA;TOTAL;PED;PL;2007;7048.05;
ESTAT:ORCH_TOTAL(1.0);20.03.2019 23:00;A;TOTAL;HA;TOTAL;PED;PL;2012;5883.86;
ESTAT:ORCH_TOTAL(1.0);20.03.2019 23:00;A;TOTAL;HA;TOTAL;PED;PL;2017;5031.73;
ESTAT:ORCH_TOTAL(1.0);20.03.2019 23:00;A;TOTAL;HA;TOTAL;PED;PT;2002;10034.5;
ESTAT:ORCH_TOTAL(1.0);20.03.2019 23:00;A;TOTAL;HA;TOTAL;PED;PT;2007;9228.38;
ESTAT:ORCH_TOTAL(1.0);20.03.2019 23:00;A;TOTAL;HA;TOTAL;PED;PT;2012;9216.57;
ESTAT:ORCH_TOTAL(1.0);20.03.2019 23:00;A;TOTAL;HA;TOTAL;PED;PT;2017;10305.92;
ESTAT:ORCH_TOTAL(1.0);20.03.2019 23:00;A;TOTAL;HA;TOTAL;PED;RO;2007;4833.59;
ESTAT:ORCH_TOTAL(1.0);20.03.2019 23:00;A;TOTAL;HA;TOTAL;PED;RO;2012;3216.99;
ESTAT:ORCH_TOTAL(1.0);20.03.2019 23:00;A;TOTAL;HA;TOTAL;PED;RO;2017;3231.29;
ESTAT:ORCH_TOTAL(1.0);20.03.2019 23:00;A;TOTAL;HA;TOTAL;PED;RS;2017;5734.00;
ESTAT:ORCH_TOTAL(1.0);20.03.2019 23:00;A;TOTAL;HA;TOTAL;PED;SE;2002;172.39;
ESTAT:ORCH_TOTAL(1.0);20.03.2019 23:00;A;TOTAL;HA;TOTAL;PED;SE;2007;122.15;
ESTAT:ORCH_TOTAL(1.0);20.03.2019 23:00;A;TOTAL;HA;TOTAL;PED;SE;2012;196.24;
ESTAT:ORCH_TOTAL(1.0);20.03.2019 23:00;A;TOTAL;HA;TOTAL;PED;SI;2007;196.29;
ESTAT:ORCH_TOTAL(1.0);20.03.2019 23:00;A;TOTAL;HA;TOTAL;PED;SI;2012;212.6;
ESTAT:ORCH_TOTAL(1.0);20.03.2019 23:00;A;TOTAL;HA;TOTAL;PED;SK;2007;147.55;
ESTAT:ORCH_TOTAL(1.0);20.03.2019 23:00;A;TOTAL;HA;TOTAL;PED;SK;2012;;z
ESTAT:ORCH_TOTAL(1.0);20.03.2019 23:00;A;TOTAL;HA;TOTAL;PED;UK;2002;2040.87;
ESTAT:ORCH_TOTAL(1.0);20.03.2019 23:00;A;TOTAL;HA;TOTAL;PED;UK;2007;1536.22;
ESTAT:ORCH_TOTAL(1.0);20.03.2019 23:00;A;TOTAL;HA;TOTAL;PED;UK;2012;1471.52;
ESTAT:ORCH_TOTAL(1.0);20.03.2019 23:00;A;TOTAL;HA;TOTAL;PED;UK;2017;1498.59;
ESTAT:ORCH_TOTAL(1.0);20.03.2019 23:00;A;TOTAL;HA;TOTAL;PEI;BG;2012;0.00;
ESTAT:ORCH_TOTAL(1.0);20.03.2019 23:00;A;TOTAL;HA;TOTAL;PEI;CZ;2012;0;
ESTAT:ORCH_TOTAL(1.0);20.03.2019 23:00;A;TOTAL;HA;TOTAL;PEI;DE;2012;572.04;
ESTAT:ORCH_TOTAL(1.0);20.03.2019 23:00;A;TOTAL;HA;TOTAL;PEI;DE;2017;680.38;
ESTAT:ORCH_TOTAL(1.0);20.03.2019 23:00;A;TOTAL;HA;TOTAL;PEI;DK;2012;0;
ESTAT:ORCH_TOTAL(1.0);20.03.2019 23:00;A;TOTAL;HA;TOTAL;PEI;EE;2012;0;
ESTAT:ORCH_TOTAL(1.0);20.03.2019 23:00;A;TOTAL;HA;TOTAL;PEI;ES;2012;0;
ESTAT:ORCH_TOTAL(1.0);20.03.2019 23:00;A;TOTAL;HA;TOTAL;PEI;EU27_2020;2017;680.38;
ESTAT:ORCH_TOTAL(1.0);20.03.2019 23:00;A;TOTAL;HA;TOTAL;PEI;EU28;2017;680.38;
ESTAT:ORCH_TOTAL(1.0);20.03.2019 23:00;A;TOTAL;HA;TOTAL;PEI;FI;2012;0;
ESTAT:ORCH_TOTAL(1.0);20.03.2019 23:00;A;TOTAL;HA;TOTAL;PEI;FR;2012;0;
ESTAT:ORCH_TOTAL(1.0);20.03.2019 23:00;A;TOTAL;HA;TOTAL;PEI;HR;2012;0;
ESTAT:ORCH_TOTAL(1.0);20.03.2019 23:00;A;TOTAL;HA;TOTAL;PEI;IE;2012;0;
ESTAT:ORCH_TOTAL(1.0);20.03.2019 23:00;A;TOTAL;HA;TOTAL;PEI;LT;2012;0;
ESTAT:ORCH_TOTAL(1.0);20.03.2019 23:00;A;TOTAL;HA;TOTAL;PEI;LU;2012;0;
ESTAT:ORCH_TOTAL(1.0);20.03.2019 23:00;A;TOTAL;HA;TOTAL;PEI;LV;2012;0;
ESTAT:ORCH_TOTAL(1.0);20.03.2019 23:00;A;TOTAL;HA;TOTAL;PEI;MT;2012;0;
ESTAT:ORCH_TOTAL(1.0);20.03.2019 23:00;A;TOTAL;HA;TOTAL;PEI;NL;2012;0;
ESTAT:ORCH_TOTAL(1.0);20.03.2019 23:00;A;TOTAL;HA;TOTAL;PEI;RO;2012;0;
ESTAT:ORCH_TOTAL(1.0);20.03.2019 23:00;A;TOTAL;HA;TOTAL;PEI;SE;2012;0;
ESTAT:ORCH_TOTAL(1.0);20.03.2019 23:00;A;TOTAL;HA;TOTAL;PEI;SK;2012;0;
ESTAT:ORCH_TOTAL(1.0);20.03.2019 23:00;A;TOTAL;HA;TOTAL;SCF;AT;2012;0;
ESTAT:ORCH_TOTAL(1.0);20.03.2019 23:00;A;TOTAL;HA;TOTAL;SCF;BE;2012;0;
ESTAT:ORCH_TOTAL(1.0);20.03.2019 23:00;A;TOTAL;HA;TOTAL;SCF;BG;2012;0.00;
ESTAT:ORCH_TOTAL(1.0);20.03.2019 23:00;A;TOTAL;HA;TOTAL;SCF;CY;2012;1163.22;
ESTAT:ORCH_TOTAL(1.0);20.03.2019 23:00;A;TOTAL;HA;TOTAL;SCF;CY;2017;933.11;
ESTAT:ORCH_TOTAL(1.0);20.03.2019 23:00;A;TOTAL;HA;TOTAL;SCF;CZ;2012;0;
ESTAT:ORCH_TOTAL(1.0);20.03.2019 23:00;A;TOTAL;HA;TOTAL;SCF;DE;2012;0;
ESTAT:ORCH_TOTAL(1.0);20.03.2019 23:00;A;TOTAL;HA;TOTAL;SCF;DK;2012;0;
ESTAT:ORCH_TOTAL(1.0);20.03.2019 23:00;A;TOTAL;HA;TOTAL;SCF;EE;2012;0;
ESTAT:ORCH_TOTAL(1.0);20.03.2019 23:00;A;TOTAL;HA;TOTAL;SCF;EL;2012;5775.47;
ESTAT:ORCH_TOTAL(1.0);20.03.2019 23:00;A;TOTAL;HA;TOTAL;SCF;EL;2017;6464.40;
ESTAT:ORCH_TOTAL(1.0);20.03.2019 23:00;A;TOTAL;HA;TOTAL;SCF;ES;2012;103082.56;
ESTAT:ORCH_TOTAL(1.0);20.03.2019 23:00;A;TOTAL;HA;TOTAL;SCF;ES;2017;99989.37;
ESTAT:ORCH_TOTAL(1.0);20.03.2019 23:00;A;TOTAL;HA;TOTAL;SCF;EU27_2020;2017;139594.86;
ESTAT:ORCH_TOTAL(1.0);20.03.2019 23:00;A;TOTAL;HA;TOTAL;SCF;EU28;2012;146613.95;
ESTAT:ORCH_TOTAL(1.0);20.03.2019 23:00;A;TOTAL;HA;TOTAL;SCF;EU28;2017;139594.86;
ESTAT:ORCH_TOTAL(1.0);20.03.2019 23:00;A;TOTAL;HA;TOTAL;SCF;FI;2012;0;
ESTAT:ORCH_TOTAL(1.0);20.03.2019 23:00;A;TOTAL;HA;TOTAL;SCF;FR;2012;2024.03;
ESTAT:ORCH_TOTAL(1.0);20.03.2019 23:00;A;TOTAL;HA;TOTAL;SCF;FR;2017;1748.79;
ESTAT:ORCH_TOTAL(1.0);20.03.2019 23:00;A;TOTAL;HA;TOTAL;SCF;HR;2012;1474.9;
ESTAT:ORCH_TOTAL(1.0);20.03.2019 23:00;A;TOTAL;HA;TOTAL;SCF;HR;2017;1721.78;
ESTAT:ORCH_TOTAL(1.0);20.03.2019 23:00;A;TOTAL;HA;TOTAL;SCF;HU;2012;0;
ESTAT:ORCH_TOTAL(1.0);20.03.2019 23:00;A;TOTAL;HA;TOTAL;SCF;IE;2012;0;
ESTAT:ORCH_TOTAL(1.0);20.03.2019 23:00;A;TOTAL;HA;TOTAL;SCF;IT;2012;31132.81;
ESTAT:ORCH_TOTAL(1.0);20.03.2019 23:00;A;TOTAL;HA;TOTAL;SCF;IT;2017;26716.86;
ESTAT:ORCH_TOTAL(1.0);20.03.2019 23:00;A;TOTAL;HA;TOTAL;SCF;LT;2012;0;
ESTAT:ORCH_TOTAL(1.0);20.03.2019 23:00;A;TOTAL;HA;TOTAL;SCF;LU;2012;0;
ESTAT:ORCH_TOTAL(1.0);20.03.2019 23:00;A;TOTAL;HA;TOTAL;SCF;LV;2012;0;
ESTAT:ORCH_TOTAL(1.0);20.03.2019 23:00;A;TOTAL;HA;TOTAL;SCF;MT;2012;;z
ESTAT:ORCH_TOTAL(1.0);20.03.2019 23:00;A;TOTAL;HA;TOTAL;SCF;NL;2012;0;
ESTAT:ORCH_TOTAL(1.0);20.03.2019 23:00;A;TOTAL;HA;TOTAL;SCF;PL;2012;0;
ESTAT:ORCH_TOTAL(1.0);20.03.2019 23:00;A;TOTAL;HA;TOTAL;SCF;PT;2012;1960.94;
ESTAT:ORCH_TOTAL(1.0);20.03.2019 23:00;A;TOTAL;HA;TOTAL;SCF;PT;2017;2020.54;
ESTAT:ORCH_TOTAL(1.0);20.03.2019 23:00;A;TOTAL;HA;TOTAL;SCF;RO;2012;0;
ESTAT:ORCH_TOTAL(1.0);20.03.2019 23:00;A;TOTAL;HA;TOTAL;SCF;SE;2012;0;
ESTAT:ORCH_TOTAL(1.0);20.03.2019 23:00;A;TOTAL;HA;TOTAL;SCF;SI;2012;;z
ESTAT:ORCH_TOTAL(1.0);20.03.2019 23:00;A;TOTAL;HA;TOTAL;SCF;SK;2012;0;
ESTAT:ORCH_TOTAL(1.0);20.03.2019 23:00;A;TOTAL;HA;TOTAL;SCF;UK;2012;0;
ESTAT:ORCH_TOTAL(1.0);20.03.2019 23:00;A;TOTAL;HA;TOTAL;TOTAL;AT;2012;9504.20;
ESTAT:ORCH_TOTAL(1.0);20.03.2019 23:00;A;TOTAL;HA;TOTAL;TOTAL;AT;2017;9518.49;
ESTAT:ORCH_TOTAL(1.0);20.03.2019 23:00;A;TOTAL;HA;TOTAL;TOTAL;BE;2012;14715.79;
ESTAT:ORCH_TOTAL(1.0);20.03.2019 23:00;A;TOTAL;HA;TOTAL;TOTAL;BE;2017;14730.00;
ESTAT:ORCH_TOTAL(1.0);20.03.2019 23:00;A;TOTAL;HA;TOTAL;TOTAL;BG;2012;13074.48;
ESTAT:ORCH_TOTAL(1.0);20.03.2019 23:00;A;TOTAL;HA;TOTAL;TOTAL;BG;2017;14937.25;
ESTAT:ORCH_TOTAL(1.0);20.03.2019 23:00;A;TOTAL;HA;TOTAL;TOTAL;CY;2012;14691.04;
ESTAT:ORCH_TOTAL(1.0);20.03.2019 23:00;A;TOTAL;HA;TOTAL;TOTAL;CY;2017;14076.63;
ESTAT:ORCH_TOTAL(1.0);20.03.2019 23:00;A;TOTAL;HA;TOTAL;TOTAL;CZ;2012;13911.23;
ESTAT:ORCH_TOTAL(1.0);20.03.2019 23:00;A;TOTAL;HA;TOTAL;TOTAL;CZ;2017;9840.91;
ESTAT:ORCH_TOTAL(1.0);20.03.2019 23:00;A;TOTAL;HA;TOTAL;TOTAL;DE;2012;33098.72;
ESTAT:ORCH_TOTAL(1.0);20.03.2019 23:00;A;TOTAL;HA;TOTAL;TOTAL;DE;2017;36117.84;
ESTAT:ORCH_TOTAL(1.0);20.03.2019 23:00;A;TOTAL;HA;TOTAL;TOTAL;DK;2012;1710.20;
ESTAT:ORCH_TOTAL(1.0);20.03.2019 23:00;A;TOTAL;HA;TOTAL;TOTAL;DK;2017;1627.52;
ESTAT:ORCH_TOTAL(1.0);20.03.2019 23:00;A;TOTAL;HA;TOTAL;TOTAL;EE;2012;600;e
ESTAT:ORCH_TOTAL(1.0);20.03.2019 23:00;A;TOTAL;HA;TOTAL;TOTAL;EL;2012;791251.28;
ESTAT:ORCH_TOTAL(1.0);20.03.2019 23:00;A;TOTAL;HA;TOTAL;TOTAL;EL;2017;761266.90;
ESTAT:ORCH_TOTAL(1.0);20.03.2019 23:00;A;TOTAL;HA;TOTAL;TOTAL;ES;2012;2922447.78;
ESTAT:ORCH_TOTAL(1.0);20.03.2019 23:00;A;TOTAL;HA;TOTAL;TOTAL;ES;2017;2941143.04;
ESTAT:ORCH_TOTAL(1.0);20.03.2019 23:00;A;TOTAL;HA;TOTAL;TOTAL;EU27_2020;2017;5940618.87;
ESTAT:ORCH_TOTAL(1.0);20.03.2019 23:00;A;TOTAL;HA;TOTAL;TOTAL;EU28;2017;5947860.54;
ESTAT:ORCH_TOTAL(1.0);20.03.2019 23:00;A;TOTAL;HA;TOTAL;TOTAL;FI;2012;;z
ESTAT:ORCH_TOTAL(1.0);20.03.2019 23:00;A;TOTAL;HA;TOTAL;TOTAL;FR;2012;90579.82;
ESTAT:ORCH_TOTAL(1.0);20.03.2019 23:00;A;TOTAL;HA;TOTAL;TOTAL;FR;2017;85177.30;
ESTAT:ORCH_TOTAL(1.0);20.03.2019 23:00;A;TOTAL;HA;TOTAL;TOTAL;HR;2012;22948.81;
ESTAT:ORCH_TOTAL(1.0);20.03.2019 23:00;A;TOTAL;HA;TOTAL;TOTAL;HR;2017;23191.73;
ESTAT:ORCH_TOTAL(1.0);20.03.2019 23:00;A;TOTAL;HA;TOTAL;TOTAL;HU;2012;35503.48;
ESTAT:ORCH_TOTAL(1.0);20.03.2019 23:00;A;TOTAL;HA;TOTAL;TOTAL;HU;2017;36291.48;
ESTAT:ORCH_TOTAL(1.0);20.03.2019 23:00;A;TOTAL;HA;TOTAL;TOTAL;IE;2012;;z
ESTAT:ORCH_TOTAL(1.0);20.03.2019 23:00;A;TOTAL;HA;TOTAL;TOTAL;IT;2012;1431988.15;
ESTAT:ORCH_TOTAL(1.0);20.03.2019 23:00;A;TOTAL;HA;TOTAL;TOTAL;IT;2017;1389829.43;
ESTAT:ORCH_TOTAL(1.0);20.03.2019 23:00;A;TOTAL;HA;TOTAL;TOTAL;LT;2012;1401.10;
ESTAT:ORCH_TOTAL(1.0);20.03.2019 23:00;A;TOTAL;HA;TOTAL;TOTAL;LT;2017;1511.60;
ESTAT:ORCH_TOTAL(1.0);20.03.2019 23:00;A;TOTAL;HA;TOTAL;TOTAL;LU;2012;57;
ESTAT:ORCH_TOTAL(1.0);20.03.2019 23:00;A;TOTAL;HA;TOTAL;TOTAL;LV;2012;2390.50;
ESTAT:ORCH_TOTAL(1.0);20.03.2019 23:00;A;TOTAL;HA;TOTAL;TOTAL;LV;2017;3191.10;
ESTAT:ORCH_TOTAL(1.0);20.03.2019 23:00;A;TOTAL;HA;TOTAL;TOTAL;MT;2012;;z
ESTAT:ORCH_TOTAL(1.0);20.03.2019 23:00;A;TOTAL;HA;TOTAL;TOTAL;NL;2012;16116.60;
ESTAT:ORCH_TOTAL(1.0);20.03.2019 23:00;A;TOTAL;HA;TOTAL;TOTAL;NL;2017;16691.33;
ESTAT:ORCH_TOTAL(1.0);20.03.2019 23:00;A;TOTAL;HA;TOTAL;TOTAL;PL;2012;150992.90;
ESTAT:ORCH_TOTAL(1.0);20.03.2019 23:00;A;TOTAL;HA;TOTAL;TOTAL;PL;2017;167314.99;
ESTAT:ORCH_TOTAL(1.0);20.03.2019 23:00;A;TOTAL;HA;TOTAL;TOTAL;PT;2012;346829.51;
ESTAT:ORCH_TOTAL(1.0);20.03.2019 23:00;A;TOTAL;HA;TOTAL;TOTAL;PT;2017;338746.92;
ESTAT:ORCH_TOTAL(1.0);20.03.2019 23:00;A;TOTAL;HA;TOTAL;TOTAL;RO;2012;64261.50;
ESTAT:ORCH_TOTAL(1.0);20.03.2019 23:00;A;TOTAL;HA;TOTAL;TOTAL;RO;2017;67840.29;
ESTAT:ORCH_TOTAL(1.0);20.03.2019 23:00;A;TOTAL;HA;TOTAL;TOTAL;RS;2017;43962.00;
ESTAT:ORCH_TOTAL(1.0);20.03.2019 23:00;A;TOTAL;HA;TOTAL;TOTAL;SE;2012;1690.34;
ESTAT:ORCH_TOTAL(1.0);20.03.2019 23:00;A;TOTAL;HA;TOTAL;TOTAL;SE;2017;1655.28;
ESTAT:ORCH_TOTAL(1.0);20.03.2019 23:00;A;TOTAL;HA;TOTAL;TOTAL;SI;2012;2701.93;
ESTAT:ORCH_TOTAL(1.0);20.03.2019 23:00;A;TOTAL;HA;TOTAL;TOTAL;SI;2017;3597.43;
ESTAT:ORCH_TOTAL(1.0);20.03.2019 23:00;A;TOTAL;HA;TOTAL;TOTAL;SK;2012;3781.58;
ESTAT:ORCH_TOTAL(1.0);20.03.2019 23:00;A;TOTAL;HA;TOTAL;TOTAL;SK;2017;2321.44;
ESTAT:ORCH_TOTAL(1.0);20.03.2019 23:00;A;TOTAL;HA;TOTAL;TOTAL;UK;2012;6867.92;
ESTAT:ORCH_TOTAL(1.0);20.03.2019 23:00;A;TOTAL;HA;TOTAL;TOTAL;UK;2017;7241.67;
